<?xml version="1.0" encoding="UTF-8"?>
<metadata modelVersion="1.1.0">
  <groupId>org.jeecgframework</groupId>
  <artifactId>minidao-pe</artifactId>
  <version>1.6-SNAPSHOT</version>
  <versioning>
    <snapshot>
      <timestamp>20170803.083348</timestamp>
      <buildNumber>9</buildNumber>
    </snapshot>
    <lastUpdated>20170803083348</lastUpdated>
    <snapshotVersions>
      <snapshotVersion>
        <extension>jar</extension>
        <value>1.6-20170803.083348-9</value>
        <updated>20170803083348</updated>
      </snapshotVersion>
      <snapshotVersion>
        <extension>pom</extension>
        <value>1.6-20170803.083348-9</value>
        <updated>20170803083348</updated>
      </snapshotVersion>
    </snapshotVersions>
  </versioning>
</metadata>
