<?xml version="1.0" encoding="UTF-8"?>
<metadata modelVersion="1.1.0">
  <groupId>org.p3framework</groupId>
  <artifactId>jeecg-p3-pom</artifactId>
  <version>1.0-SNAPSHOT</version>
  <versioning>
    <snapshot>
      <timestamp>20170725.081144</timestamp>
      <buildNumber>7</buildNumber>
    </snapshot>
    <lastUpdated>20170725081144</lastUpdated>
    <snapshotVersions>
      <snapshotVersion>
        <extension>pom</extension>
        <value>1.0-20170725.081144-7</value>
        <updated>20170725081144</updated>
      </snapshotVersion>
    </snapshotVersions>
  </versioning>
</metadata>
