<?xml version="1.0" encoding="UTF-8"?>
<metadata modelVersion="1.1.0">
  <groupId>org.p3framework</groupId>
  <artifactId>jeecg-p3-bizcore</artifactId>
  <version>1.0-SNAPSHOT</version>
  <versioning>
    <snapshot>
      <timestamp>20170520.095851</timestamp>
      <buildNumber>6</buildNumber>
    </snapshot>
    <lastUpdated>20170520095851</lastUpdated>
    <snapshotVersions>
      <snapshotVersion>
        <extension>jar</extension>
        <value>1.0-20170520.095851-6</value>
        <updated>20170520095851</updated>
      </snapshotVersion>
      <snapshotVersion>
        <extension>pom</extension>
        <value>1.0-20170520.095851-6</value>
        <updated>20170520095851</updated>
      </snapshotVersion>
    </snapshotVersions>
  </versioning>
</metadata>
