<?xml version="1.0" encoding="UTF-8"?>
<metadata modelVersion="1.1.0">
  <groupId>org.p3framework</groupId>
  <artifactId>jeecg-p3-generate</artifactId>
  <version>1.1-SNAPSHOT</version>
  <versioning>
    <snapshot>
      <timestamp>20170523.070328</timestamp>
      <buildNumber>2</buildNumber>
    </snapshot>
    <lastUpdated>20170523070328</lastUpdated>
    <snapshotVersions>
      <snapshotVersion>
        <extension>jar</extension>
        <value>1.1-20170523.070328-2</value>
        <updated>20170523070328</updated>
      </snapshotVersion>
      <snapshotVersion>
        <extension>pom</extension>
        <value>1.1-20170523.070328-2</value>
        <updated>20170523070328</updated>
      </snapshotVersion>
    </snapshotVersions>
  </versioning>
</metadata>
